Date,Open,High,Low,Close,Volume
2013-07-25,25.0,25.0,19.51,19.88,5081876
2013-07-26,20.0,20.69,19.42,20.08,259657
2013-07-29,20.44,22.0,20.11,21.5,278163
2013-07-30,21.95,22.15,21.05,21.86,155003
2013-07-31,22.01,22.14,21.52,21.79,76538
2013-08-01,22.0,22.16,21.72,21.8,65780
2013-08-02,22.5,23.8,21.69,23.59,140470
2013-08-05,24.55,29.75,23.8,29.2,461360
2013-08-06,30.0,30.0,27.0,27.75,241851
2013-08-07,28.4,28.49,26.14,28.03,127231
2013-08-08,28.91,28.91,27.51,28.87,65184
2013-08-09,28.62,29.49,28.58,29.4,87131
2013-08-12,29.7,29.98,28.81,28.81,81754
2013-08-13,29.2,29.2,26.68,27.75,90986
2013-08-14,27.75,27.75,25.26,27.67,98491
2013-08-15,27.37,27.99,26.01,27.0,88970
2013-08-16,27.12,27.77,25.61,25.69,196886
2013-08-19,25.31,26.0,23.91,24.41,199803
2013-08-20,24.51,24.95,24.0,24.35,79898
2013-08-21,25.77,25.77,24.06,24.96,80179
2013-08-22,25.1,26.25,25.1,25.76,58437
2013-08-23,26.26,27.61,26.08,26.98,90692
2013-08-26,27.32,27.84,27.03,27.16,44798
2013-08-27,26.95,27.0,24.9,25.22,86699
2013-08-28,25.16,26.0,24.51,25.36,45363
2013-08-29,25.67,26.34,24.71,24.73,73514
2013-08-30,25.84,25.85,24.34,24.34,39497
2013-09-03,24.98,25.57,23.85,25.05,75566
2013-09-04,25.0,26.29,24.77,25.21,72388
2013-09-05,25.52,26.15,25.26,25.7,78362
2013-09-06,26.4,26.4,24.75,26.02,83630
2013-09-09,26.1,27.11,25.67,26.53,85773
2013-09-10,26.83,27.05,26.27,26.4,57774
2013-09-11,26.4,26.4,24.78,25.25,71203
2013-09-12,25.34,25.83,24.16,24.9,109954
2013-09-13,25.14,25.33,24.12,25.0,82215
2013-09-16,25.59,25.59,24.5,25.15,64833
2013-09-17,25.26,25.4,24.2,24.74,57151
2013-09-18,24.33,25.04,24.2,24.98,74519
2013-09-19,24.98,25.32,24.7,25.19,61155
2013-09-20,25.15,25.33,24.51,24.66,184061
2013-09-23,24.5,25.2,24.2,25.01,95685
2013-09-24,24.87,25.13,24.3,24.41,32266
2013-09-25,24.59,26.45,24.25,26.2,171351
2013-09-26,26.33,27.94,26.33,27.75,147154
2013-09-27,27.99,28.48,25.75,26.88,114393
2013-09-30,26.12,26.65,25.16,26.47,769996
2013-10-01,26.39,27.37,26.39,26.78,87790
2013-10-02,26.53,27.65,25.98,27.42,79562
2013-10-03,27.51,28.99,26.88,28.81,88392
2013-10-04,29.3,31.13,29.09,29.14,181699
2013-10-07,28.8,29.2,27.36,27.71,74441
2013-10-08,27.38,27.86,26.0,26.64,89854
2013-10-09,26.64,26.64,24.06,24.51,217506
2013-10-10,24.95,25.15,24.08,24.58,145602
2013-10-11,24.6,24.92,23.76,23.98,171662
2013-10-14,23.76,23.98,22.49,22.64,239065
2013-10-15,22.64,23.08,21.7,21.96,160831
2013-10-16,22.0,22.6,20.72,21.85,223338
2013-10-17,21.85,22.24,21.63,21.94,81430
2013-10-18,21.94,22.8,20.5,20.68,261722
2013-10-21,20.75,21.33,19.65,19.94,190840
2013-10-22,19.94,19.96,18.25,18.77,243995
2013-10-23,18.83,19.14,17.25,17.65,227448
2013-10-24,18.04,18.04,16.41,16.66,273941
2013-10-25,16.62,16.84,15.12,15.69,385496
2013-10-28,15.69,16.95,15.69,16.68,390758
2013-10-29,17.73,18.66,17.38,17.94,582332
2013-10-30,17.91,18.0,16.27,16.35,328146
2013-10-31,16.37,16.61,15.35,15.74,197411
2013-11-01,15.92,15.92,14.67,14.98,329190
2013-11-04,15.0,15.33,14.53,14.86,187818
2013-11-05,14.85,16.91,14.6,16.3,478959
2013-11-06,16.43,16.68,15.31,15.35,236018
2013-11-07,15.56,15.6,13.16,13.25,576903
2013-11-08,13.31,14.24,12.8,12.97,250929
2013-11-11,12.97,13.81,12.03,13.39,337369
2013-11-12,13.3,13.5,12.65,13.07,218929
2013-11-13,12.93,13.19,12.39,13.15,244919
2013-11-14,13.14,13.51,11.85,12.0,345376
2013-11-15,12.02,12.46,11.74,11.97,251176
2013-11-18,12.03,12.57,11.73,11.75,247587
2013-11-19,12.25,13.08,12.25,13.01,758880
2013-11-20,13.15,15.4,13.15,15.21,701490
2013-11-21,15.19,15.19,14.25,14.57,309595
2013-11-22,14.75,15.34,14.15,14.22,241981
2013-11-25,14.29,14.94,12.81,13.7,317500
2013-11-26,13.75,14.5,13.58,14.17,193887
2013-11-27,14.19,14.69,14.15,14.34,207983
2013-11-29,14.42,15.02,14.4,14.67,138650
2013-12-02,14.7,15.39,14.51,15.2,256328
2013-12-03,15.26,16.15,15.02,15.37,298762
2013-12-04,15.37,16.04,15.21,15.73,254194
2013-12-05,15.7,16.49,15.64,16.36,306002
2013-12-06,16.54,16.61,16.0,16.22,306464
2013-12-09,17.19,17.19,14.35,15.06,601305
2013-12-10,15.05,15.4,14.83,14.91,265466
2013-12-11,14.84,14.99,13.77,14.0,295123
2013-12-12,14.02,15.0,14.0,14.68,186770
2013-12-13,14.68,14.72,13.98,14.59,98845
2013-12-16,14.54,16.46,14.54,16.08,365548
2013-12-17,16.21,16.72,15.66,16.38,351472
2013-12-18,14.43,14.75,12.77,13.32,1051031
2013-12-19,13.33,13.86,13.03,13.48,198146
2013-12-20,13.46,13.85,12.69,12.83,979290
2013-12-23,12.85,13.05,12.2,12.42,239222
2013-12-24,12.3,12.46,12.0,12.05,189275
2013-12-26,12.18,12.48,12.02,12.15,288084
2013-12-27,12.22,12.29,11.95,11.99,165399
2013-12-30,11.94,12.13,11.31,11.99,305842
2013-12-31,12.04,12.41,11.4,11.48,318139
2014-01-02,11.53,11.66,11.25,11.5,230806
2014-01-03,11.5,11.6,11.15,11.3,144906
2014-01-06,11.3,11.75,10.8,11.15,293582
2014-01-07,11.15,11.43,10.93,11.32,199978
2014-01-08,11.42,11.55,11.08,11.24,204300
2014-01-09,11.8,11.8,11.02,11.36,220701
2014-01-10,11.43,12.1,11.42,11.98,201789
2014-01-13,12.1,13.09,12.04,12.27,236030
2014-01-14,12.27,12.83,12.27,12.51,138554
2014-01-15,12.46,12.66,12.01,12.15,124354
2014-01-16,12.26,12.75,12.26,12.64,140603
2014-01-17,12.67,13.45,12.67,13.18,198721
2014-01-21,13.39,14.36,13.34,14.29,414802
2014-01-22,14.33,14.67,13.6,13.95,350655
2014-01-23,13.8,13.8,12.61,12.68,297366
2014-01-24,12.67,12.99,11.91,12.02,278589
2014-01-27,11.98,12.25,11.44,11.97,162927
2014-01-28,12.39,13.57,12.3,13.53,344530
2014-01-29,13.35,13.73,12.81,13.62,230813
2014-01-30,13.81,16.22,13.63,15.16,504202
2014-01-31,15.16,15.16,14.58,15.12,282605
2014-02-03,15.2,15.34,14.73,15.05,364867
2014-02-04,14.38,14.94,13.83,14.54,377721
2014-02-05,14.48,14.54,13.84,14.41,239602
2014-02-06,14.4,14.61,13.96,14.02,204988
2014-02-07,14.1,15.2,13.86,15.08,195248
2014-02-10,15.06,15.4,14.6,14.8,230899
2014-02-11,14.93,15.1,13.97,14.17,423484
2014-02-12,14.28,14.31,13.53,13.56,198051
2014-02-13,13.53,14.12,13.27,14.05,183566
2014-02-14,13.99,14.17,13.5,13.98,167390
2014-02-18,14.0,14.32,13.5,13.87,298445
2014-02-19,13.93,14.19,13.66,13.86,744365
2014-02-20,8.28,8.87,7.75,8.79,3354683
2014-02-21,8.79,9.2,8.54,8.74,850398
2014-02-24,9.07,9.34,8.87,9.0,547329
2014-02-25,9.01,9.16,9.0,9.1,322998
2014-02-26,9.08,9.09,8.7,8.81,306710
2014-02-27,8.75,8.89,8.35,8.8,333715
2014-02-28,8.8,8.82,8.38,8.5,443893
2014-03-03,8.42,8.5,7.82,8.14,603844
2014-03-04,8.15,8.47,8.02,8.22,475038
2014-03-05,8.23,8.33,8.02,8.13,295151
2014-03-06,8.12,8.15,7.85,7.89,327964
2014-03-07,7.88,7.88,7.51,7.66,392369
2014-03-10,7.68,8.37,7.62,8.15,375454
2014-03-11,8.5,8.5,7.02,7.44,852175
2014-03-12,7.41,7.68,7.27,7.61,198181
2014-03-13,7.84,7.84,7.28,7.3,263428
2014-03-14,7.26,7.47,7.21,7.33,144199
2014-03-17,7.35,7.9,7.29,7.53,377008
2014-03-18,7.73,7.73,7.35,7.54,333207
2014-03-19,7.56,7.74,7.44,7.51,191564
2014-03-20,7.51,7.56,7.26,7.38,270865
2014-03-21,7.45,7.45,7.1,7.12,266522
2014-03-24,7.14,7.26,6.48,6.9,461645
2014-03-25,7.0,7.15,6.72,6.77,254960
2014-03-26,6.87,6.93,6.5,6.56,247532
2014-03-27,6.52,6.83,6.46,6.64,178103
2014-03-28,6.67,6.7,6.05,6.3,525702
2014-03-31,6.33,6.37,6.06,6.34,272222
2014-04-01,6.4,6.49,6.12,6.21,260173
2014-04-02,6.25,6.35,6.12,6.19,207988
2014-04-03,6.15,6.19,5.92,6.06,183237
2014-04-04,6.08,6.2,5.56,5.69,528196
2014-04-07,5.71,6.11,5.56,5.87,313296
2014-04-08,5.9,6.08,5.78,6.03,287995
2014-04-09,6.02,6.23,6.02,6.22,201886
2014-04-10,6.23,6.25,5.79,5.87,183034
2014-04-11,5.8,6.08,5.6,5.63,307051
2014-04-14,5.75,5.89,5.47,5.62,243807
2014-04-15,5.61,5.69,5.25,5.58,334228
2014-04-16,5.63,5.74,5.58,5.67,152213
2014-04-17,5.69,5.95,5.62,5.7,200910
2014-04-21,5.75,6.13,5.72,6.0,287681
2014-04-22,6.0,6.27,5.95,6.16,409997
2014-04-23,6.1,6.2,5.88,5.96,189844
2014-04-24,6.0,6.0,5.72,5.82,161545
2014-04-25,5.81,5.85,5.63,5.63,213628
2014-04-28,5.65,5.75,5.4,5.66,163290
2014-04-29,5.7,5.81,5.65,5.72,89628
2014-04-30,5.68,5.7,5.53,5.58,136558
2014-05-01,5.59,5.83,5.5,5.72,166446
2014-05-02,5.74,5.77,5.41,5.49,165662
2014-05-05,5.49,5.75,5.38,5.61,94286
2014-05-06,5.6,5.76,5.43,5.5,111002
2014-05-07,5.55,5.55,5.31,5.39,122734
2014-05-08,5.36,5.42,5.27,5.32,109416
2014-05-09,5.27,5.42,5.25,5.28,369616
2014-05-12,5.25,5.42,5.25,5.32,308287
2014-05-13,5.22,5.25,5.0,5.02,406778
2014-05-14,5.0,5.17,4.85,5.16,138820
2014-05-15,5.12,5.16,4.95,5.07,102356
2014-05-16,5.1,5.15,4.9,5.0,149267
2014-05-19,4.94,5.05,4.72,4.86,90030
2014-05-20,4.82,4.82,4.57,4.61,159396
2014-05-21,4.6,4.7,4.5,4.52,105441
2014-05-22,4.53,4.75,4.49,4.6,102437
2014-05-23,4.62,4.67,4.51,4.57,40952
2014-05-27,4.58,4.94,4.57,4.87,118286
2014-05-28,4.89,4.94,4.83,4.85,135003
2014-05-29,4.85,5.12,4.85,5.12,108220
2014-05-30,5.12,5.12,4.75,4.85,129547
2014-06-02,4.55,4.81,4.54,4.54,89810
2014-06-03,4.54,4.56,4.33,4.37,120785
2014-06-04,4.35,4.46,4.26,4.36,83729
2014-06-05,4.34,4.42,4.1,4.24,131253
2014-06-06,4.27,4.4,4.13,4.18,163794
2014-06-09,4.12,4.47,4.12,4.28,178105
2014-06-10,4.25,4.4,4.2,4.33,179699
2014-06-11,4.31,4.65,4.24,4.49,279237
2014-06-12,4.54,5.52,4.54,5.12,1010864
2014-06-13,5.22,5.22,4.79,4.88,266190
2014-06-16,4.9,5.05,4.79,5.0,119050
2014-06-17,4.99,5.13,4.9,4.99,141394
2014-06-18,4.96,5.08,4.9,5.02,109040
2014-06-19,5.04,5.19,4.97,5.15,137574
2014-06-20,5.13,5.24,5.05,5.13,144366
2014-06-23,5.16,5.16,4.9,4.99,120156
2014-06-24,5.02,5.16,4.9,4.96,161674
2014-06-25,4.88,5.04,4.82,5.0,91237
2014-06-26,5.02,5.14,4.92,5.07,140968
2014-06-27,5.06,5.39,4.96,5.35,894682
2014-06-30,5.41,5.5,5.19,5.43,236546
2014-07-01,5.45,5.68,5.38,5.57,198454
2014-07-02,5.61,5.61,5.21,5.3,225168
2014-07-03,5.3,5.38,5.11,5.31,67267
2014-07-07,5.34,5.34,4.98,4.99,141467
2014-07-08,5.0,5.01,4.68,4.87,250295
2014-07-09,4.94,5.0,4.71,4.85,68518
2014-07-10,4.79,4.9,4.61,4.84,120114
2014-07-11,4.87,5.01,4.78,4.96,114446
2014-07-14,4.98,5.11,4.9,5.08,100284
2014-07-15,5.05,5.15,4.86,4.94,101426
2014-07-16,4.96,5.03,4.81,4.91,148426
2014-07-17,5.0,5.01,4.76,4.78,101196
2014-07-18,4.82,4.95,4.75,4.82,42291
2014-07-21,4.79,5.03,4.79,5.0,85689
2014-07-22,5.01,5.15,4.87,5.0,62808
2014-07-23,5.05,5.1,4.97,5.05,71231
2014-07-24,5.06,5.14,4.97,5.08,93374
2014-07-25,5.05,5.14,4.96,5.0,52562
2014-07-28,4.98,4.98,4.82,4.94,49730
2014-07-29,4.98,5.12,4.89,4.95,45655
2014-07-30,5.11,5.11,4.82,4.93,63176
2014-07-31,4.89,4.96,4.79,4.86,68735
2014-08-01,4.88,4.91,4.57,4.69,86796
2014-08-04,4.69,4.98,4.69,4.89,50746
2014-08-05,4.86,5.01,4.81,4.99,72524
2014-08-06,4.83,5.07,4.83,5.06,117995
2014-08-07,4.87,5.15,4.86,5.09,58493
2014-08-08,5.07,5.09,4.94,5.09,27478
2014-08-11,5.12,5.12,4.94,5.07,40930
2014-08-12,5.08,5.14,5.03,5.07,67468
2014-08-13,5.06,5.17,4.95,5.11,58490
2014-08-14,5.05,5.4,5.01,5.37,187479
2014-08-15,5.39,5.54,5.37,5.53,138390
2014-08-18,5.54,5.72,5.47,5.64,129310
2014-08-19,5.65,5.78,5.57,5.64,74256
2014-08-20,5.64,5.65,5.33,5.37,79171
2014-08-21,5.37,5.43,5.1,5.12,92192
2014-08-22,5.11,5.31,5.11,5.22,31775
2014-08-25,5.24,5.45,5.22,5.33,47162
2014-08-26,5.3,5.46,5.3,5.42,35719
2014-08-27,5.46,5.53,5.41,5.47,49821
2014-08-28,5.47,5.5,5.15,5.17,55804
2014-08-29,5.17,5.3,5.16,5.22,31740
2014-09-02,5.22,5.44,5.15,5.38,71852
2014-09-03,5.37,5.65,5.37,5.46,109139
2014-09-04,5.43,5.54,5.21,5.25,79620
2014-09-05,5.23,5.34,5.14,5.27,58215
2014-09-08,5.29,5.57,5.29,5.52,92522
2014-09-09,5.26,5.64,5.26,5.54,50426
2014-09-10,5.53,5.61,5.42,5.53,46486
2014-09-11,5.51,5.56,5.28,5.53,48753
2014-09-12,5.54,5.54,5.2,5.29,103358
2014-09-15,5.29,5.33,5.09,5.25,59846
2014-09-16,5.22,5.24,4.99,5.13,43693
2014-09-17,5.09,5.24,4.97,4.97,88276
2014-09-18,5.05,5.21,4.86,4.93,77231
2014-09-19,4.95,4.97,4.68,4.68,155579
2014-09-22,4.68,4.68,4.26,4.33,108315
2014-09-23,4.33,4.48,4.3,4.32,47311
2014-09-24,4.31,4.45,4.31,4.35,59851
2014-09-25,4.35,4.35,4.24,4.34,68024
2014-09-26,4.34,4.41,4.3,4.39,25863
2014-09-29,4.34,4.5,4.31,4.4,21394
2014-09-30,4.39,4.52,4.29,4.3,35906
2014-10-01,4.31,4.38,4.26,4.26,26986
2014-10-02,4.26,4.32,4.2,4.29,19514
2014-10-03,4.37,4.4,4.3,4.34,24007
2014-10-06,4.33,4.37,4.25,4.26,33852
2014-10-07,4.24,4.27,3.94,4.01,63141
2014-10-08,4.04,4.1,3.88,4.1,50654
2014-10-09,3.85,4.09,3.85,3.94,28451
2014-10-10,3.96,4.09,3.94,3.96,52575
2014-10-13,3.96,4.1,3.88,4.0,50467
2014-10-14,4.04,4.06,3.88,3.94,27372
2014-10-15,3.89,3.97,3.8,3.95,77576
2014-10-16,3.88,4.33,3.85,4.33,60332
2014-10-17,4.49,4.8,4.31,4.41,40939
2014-10-20,4.42,4.52,4.42,4.52,13834
2014-10-21,4.53,4.75,4.38,4.53,36540
2014-10-22,4.5,4.58,4.23,4.39,30059
2014-10-23,4.42,4.64,4.31,4.35,31103
2014-10-24,4.3,4.53,4.29,4.48,15491
2014-10-27,4.42,4.42,4.28,4.42,15514
2014-10-28,4.41,4.62,4.41,4.58,31746
2014-10-29,4.56,4.6,4.55,4.6,12051
2014-10-30,4.6,4.7,4.43,4.65,14833
2014-10-31,4.72,4.86,4.65,4.86,65977
2014-11-03,4.84,4.9,4.69,4.89,46225
2014-11-04,4.89,4.89,4.7,4.82,32597
2014-11-05,4.9,4.9,4.69,4.8,25458
2014-11-06,4.78,4.84,4.63,4.78,27947
2014-11-07,4.74,4.99,4.74,4.78,123441
2014-11-10,4.86,4.88,4.71,4.86,34051
2014-11-11,4.9,4.92,4.85,4.85,40525
2014-11-12,4.81,4.89,4.72,4.85,20579
2014-11-13,4.88,4.96,4.7,4.82,28149
2014-11-14,4.76,4.81,4.63,4.69,39241
2014-11-17,4.74,4.76,4.6,4.67,34291
2014-11-18,4.76,4.88,4.75,4.85,47423
2014-11-19,4.9,4.94,4.8,4.82,29340
2014-11-20,4.93,4.93,4.68,4.84,20886
2014-11-21,4.89,4.92,4.72,4.81,20892
2014-11-24,4.88,5.0,4.81,4.9,19357
2014-11-25,4.89,5.0,4.73,4.95,43096
2014-11-26,4.89,5.0,4.82,4.94,31720
2014-11-28,4.91,4.92,4.75,4.75,11460
2014-12-01,4.7,4.82,4.25,4.3,94998
2014-12-02,4.37,4.44,4.26,4.38,67166
2014-12-03,4.39,4.39,4.15,4.24,49555
2014-12-04,4.28,4.5,4.21,4.33,23380
2014-12-05,4.41,4.41,4.16,4.27,53130
2014-12-08,4.08,4.44,4.01,4.05,52325
2014-12-09,4.02,4.47,3.5,4.42,125629
2014-12-10,4.3,4.47,4.0,4.0,61303
2014-12-11,4.05,4.29,3.92,3.92,32386
2014-12-12,3.9,4.1,3.7,3.86,24889
2014-12-15,3.82,4.15,3.82,4.06,80698
2014-12-16,3.99,4.12,3.84,3.94,51470
2014-12-17,3.8,4.06,3.8,3.98,78606
2014-12-18,4.0,4.02,3.82,4.0,65907
2014-12-19,3.95,4.19,3.95,3.99,772962
2014-12-22,4.04,4.04,3.91,3.91,75063
2014-12-23,3.87,3.97,3.76,3.76,106050
2014-12-24,3.76,3.84,3.76,3.82,42624
2014-12-26,3.85,3.94,3.75,3.77,61075
2014-12-29,3.69,3.86,3.55,3.66,202568
2014-12-30,3.62,3.62,3.45,3.52,201099
2014-12-31,3.45,3.55,3.24,3.29,400693
2015-01-02,3.27,3.89,3.27,3.89,139385
2015-01-05,4.0,4.41,3.85,4.2,181680
2015-01-06,4.24,4.33,4.11,4.25,78514
2015-01-07,4.28,4.38,4.28,4.36,99087
2015-01-08,4.38,4.41,4.3,4.41,46825
2015-01-09,4.43,4.43,4.33,4.37,35978
2015-01-12,4.43,4.43,4.16,4.23,43567
2015-01-13,3.99,4.2,3.91,4.01,54943
2015-01-14,4.0,4.06,3.92,4.05,21728
2015-01-15,4.06,4.1,4.0,4.03,26607
2015-01-16,4.05,4.05,3.92,3.94,34899
2015-01-20,3.96,3.96,3.77,3.79,36873
2015-01-21,3.82,3.82,3.46,3.61,150174
2015-01-22,3.67,3.67,3.53,3.59,51067
2015-01-23,3.64,3.72,3.52,3.53,39213
2015-01-26,3.53,3.67,3.51,3.57,27436
2015-01-27,3.59,3.79,3.59,3.62,40154
2015-01-28,3.69,3.83,3.62,3.77,31135
2015-01-29,3.83,3.89,3.71,3.79,61123
2015-01-30,3.81,3.89,3.74,3.85,41773
2015-02-02,3.95,4.05,3.82,4.0,105487
2015-02-03,4.0,4.0,2.48,2.55,1160983
2015-02-04,2.67,2.67,2.45,2.45,324927
2015-02-05,2.53,2.62,2.44,2.5,181980
2015-02-06,2.5,2.5,2.45,2.48,92159
2015-02-09,2.55,2.55,2.46,2.48,51365
2015-02-10,2.46,2.48,2.26,2.27,206225
2015-02-11,2.28,2.45,2.28,2.35,76477
2015-02-12,2.29,2.3,2.28,2.29,35078
2015-02-13,2.31,2.35,2.26,2.27,68450
2015-02-17,2.23,2.26,2.18,2.2,137061
2015-02-18,2.22,2.3,2.15,2.28,89460
2015-02-19,2.23,2.41,2.21,2.34,75646
2015-02-20,2.38,2.4,2.34,2.38,48185
2015-02-23,2.46,2.46,2.31,2.34,109053
2015-02-24,2.3,2.32,2.25,2.28,35306
2015-02-25,2.29,2.3,2.25,2.28,21711
2015-02-26,2.25,2.35,2.25,2.3,38635
2015-02-27,2.3,2.3,2.25,2.29,22199
2015-03-02,2.24,2.31,2.24,2.28,43861
2015-03-03,2.24,2.27,2.23,2.24,29921
2015-03-04,2.21,2.32,2.21,2.26,18893
2015-03-05,2.26,2.32,2.26,2.29,43086
2015-03-06,2.29,2.37,2.23,2.3,57469
2015-03-09,2.27,2.35,2.24,2.32,37787
2015-03-10,2.29,2.34,2.28,2.29,24372
2015-03-11,2.28,2.3,2.25,2.27,21193
2015-03-12,2.3,2.3,2.27,2.3,17434
2015-03-13,2.3,2.32,2.21,2.25,45311
2015-03-16,2.29,2.42,2.21,2.37,89011
2015-03-17,2.38,2.78,2.38,2.64,339587
2015-03-18,2.67,2.75,2.47,2.59,99142
2015-03-19,2.65,2.65,2.54,2.6,27689
2015-03-20,2.6,2.6,2.37,2.57,106824
2015-03-23,2.51,2.51,2.45,2.46,17998
2015-03-24,2.43,2.51,2.4,2.41,25379
2015-03-25,2.4,2.57,2.37,2.37,38147
2015-03-26,2.33,2.38,2.31,2.35,15234
2015-03-27,2.32,2.5,2.32,2.44,31648
2015-03-30,2.42,2.42,2.32,2.36,34207
2015-03-31,2.32,2.41,2.32,2.41,17340
2015-04-01,2.37,2.4,2.32,2.4,14552
2015-04-02,2.36,2.53,2.36,2.43,45840
2015-04-06,2.43,2.43,2.35,2.35,18319
2015-04-07,2.32,2.46,2.32,2.36,19175
2015-04-08,2.37,2.4,2.36,2.36,7244
2015-04-09,2.34,2.38,2.32,2.33,28577
2015-04-10,2.32,2.4,2.32,2.39,23932
2015-04-13,2.36,2.43,2.33,2.35,12207
2015-04-14,2.32,2.39,2.32,2.34,17315
2015-04-15,2.37,2.37,2.3,2.32,12896
2015-04-16,2.33,2.47,2.33,2.36,36582
2015-04-17,2.4,2.5,2.37,2.47,68836
2015-04-20,2.53,2.55,2.46,2.51,25660
2015-04-21,2.51,2.55,2.48,2.53,38664
2015-04-22,2.53,2.55,2.48,2.48,15402
2015-04-23,2.45,2.45,2.32,2.39,27817
2015-04-24,2.34,2.39,2.32,2.34,31599
2015-04-27,2.35,2.35,2.26,2.27,39346
2015-04-28,2.26,2.46,2.26,2.4,23233
2015-04-29,2.37,2.44,2.37,2.39,12001
2015-04-30,2.37,2.4,2.32,2.32,7753
2015-05-01,2.32,2.37,2.27,2.28,7225
2015-05-04,2.26,2.38,2.26,2.26,13604
2015-05-05,2.45,2.45,2.27,2.28,66698
2015-05-06,2.36,2.45,2.3,2.33,19484
2015-05-07,2.38,2.44,2.32,2.37,23016
2015-05-08,2.37,2.38,2.32,2.37,12504
2015-05-11,2.4,2.44,2.3,2.41,51750
2015-05-12,2.44,2.48,2.4,2.47,41331
2015-05-13,2.47,2.5,2.47,2.5,11958
2015-05-14,2.5,2.59,2.47,2.57,43385
2015-05-15,2.65,2.78,2.59,2.72,151431
2015-05-18,2.75,2.87,2.68,2.81,168428
2015-05-19,2.81,2.99,2.73,2.82,123597
2015-05-20,2.91,3.02,2.74,2.84,99525
2015-05-21,2.79,2.91,2.71,2.74,26619
2015-05-22,2.74,2.83,2.71,2.8,35276
2015-05-26,2.8,2.85,2.71,2.77,24731
2015-05-27,2.73,2.8,2.61,2.8,38471
2015-05-28,2.8,2.86,2.71,2.79,11770
2015-05-29,2.72,2.8,2.72,2.74,18367
2015-06-01,2.67,2.75,2.67,2.69,5929
2015-06-02,2.75,2.8,2.7,2.76,9339
2015-06-03,2.8,2.85,2.8,2.8,29760
2015-06-04,2.84,2.85,2.75,2.76,17189
2015-06-05,2.8,2.85,2.68,2.75,14026
2015-06-08,2.78,2.79,2.67,2.7,38886
2015-06-09,2.73,2.77,2.61,2.61,33574
2015-06-10,2.62,2.7,2.61,2.69,18976
2015-06-11,2.63,2.75,2.63,2.75,14576
2015-06-12,2.77,2.85,2.64,2.69,50072
2015-06-15,2.64,2.75,2.64,2.74,46049
2015-06-16,2.74,2.75,2.74,2.74,9358
2015-06-17,2.74,2.75,2.71,2.71,30546
2015-06-18,2.75,2.77,2.69,2.74,31872
2015-06-19,2.74,2.77,2.66,2.73,13867
2015-06-22,2.76,2.77,2.72,2.75,6832
2015-06-23,2.76,2.77,2.7,2.75,2421
2015-06-24,2.73,2.74,2.7,2.7,7946
2015-06-25,2.69,2.7,2.5,2.54,19351
2015-06-26,2.67,2.67,2.5,2.57,10084
2015-06-29,2.52,2.63,2.32,2.37,47024
2015-06-30,2.3,2.4,2.29,2.37,29183
2015-07-01,2.77,2.77,2.53,2.6,84237
2015-07-02,2.74,2.83,2.59,2.7,76355
2015-07-06,2.75,2.75,2.67,2.74,23407
2015-07-07,2.77,2.81,2.67,2.7,40219
2015-07-08,2.7,2.7,2.45,2.47,29276
2015-07-09,2.47,2.73,2.47,2.6,18598
2015-07-10,2.61,2.68,2.48,2.5,11331
2015-07-13,2.52,2.69,2.51,2.54,13281
2015-07-14,2.65,2.65,2.57,2.6,7856
2015-07-15,2.56,2.59,2.48,2.48,19318
2015-07-16,2.58,2.58,2.5,2.54,19565
2015-07-17,2.6,2.6,2.47,2.51,27184
2015-07-20,2.51,2.52,2.36,2.41,30084
2015-07-21,2.41,2.42,2.35,2.39,22376
2015-07-22,2.42,2.47,2.32,2.35,23765
2015-07-23,2.31,2.35,2.25,2.29,47262
2015-07-24,2.4,2.4,2.25,2.29,13148
2015-07-27,2.26,2.26,2.0,2.12,45480
2015-07-28,2.09,2.18,2.06,2.07,36675
2015-07-29,2.1,2.15,2.03,2.03,13274
2015-07-30,2.21,2.21,2.03,2.08,8030
2015-07-31,2.13,2.13,2.03,2.1,10682
2015-08-03,2.07,2.07,1.96,1.96,19111
2015-08-04,1.97,2.02,1.95,1.95,10639
2015-08-05,2.01,2.04,1.95,1.95,7913
2015-08-06,1.95,1.98,1.9,1.9,19606
2015-08-07,1.86,1.86,1.64,1.66,49841
2015-08-10,1.63,1.74,1.52,1.64,42040
2015-08-11,1.73,1.85,1.62,1.62,23233
2015-08-12,1.7,1.84,1.7,1.84,23446
2015-08-13,1.79,2.1,1.79,1.98,120641
2015-08-14,3.8,4.0,2.34,2.43,17167544
2015-08-17,2.27,2.33,2.01,2.12,1356351
2015-08-18,2.09,2.15,1.9,1.95,493103
2015-08-19,1.91,2.04,1.83,1.83,317396
2015-08-20,1.81,1.85,1.61,1.61,436256
2015-08-21,1.61,1.82,1.52,1.61,843512
2015-08-24,1.53,1.6,1.32,1.48,262404
2015-08-25,1.67,1.67,1.5,1.53,127396
2015-08-26,1.59,1.59,1.4,1.45,200181
2015-08-27,1.54,1.55,1.45,1.52,287230
2015-08-28,1.55,1.65,1.5,1.6,297362
2015-08-31,1.63,1.65,1.49,1.52,179318
2015-09-01,1.48,1.53,1.46,1.51,175286
2015-09-02,1.54,1.58,1.51,1.52,181929
2015-09-03,1.51,1.55,1.47,1.5,124680
2015-09-04,1.52,1.52,1.47,1.5,85337
2015-09-08,1.53,1.55,1.5,1.5,91638
2015-09-09,1.53,1.64,1.5,1.52,381643
2015-09-10,1.52,1.53,1.4,1.51,326026
2015-09-11,1.51,1.53,1.48,1.51,110670
2015-09-14,1.55,1.55,1.43,1.48,126711
2015-09-15,1.44,1.51,1.4,1.44,98526
2015-09-16,1.42,1.5,1.42,1.47,57094
2015-09-17,1.57,1.57,1.45,1.5,96088
2015-09-18,1.51,1.51,1.43,1.46,110654
2015-09-21,1.47,1.55,1.45,1.54,362766
2015-09-22,1.53,1.53,1.35,1.47,220063
2015-09-23,1.46,1.47,1.4,1.4,61667
2015-09-24,1.4,1.49,1.36,1.48,88946
2015-09-25,1.47,1.51,1.38,1.5,119394
2015-09-28,1.46,1.55,1.41,1.47,72294
2015-09-29,1.49,1.52,1.38,1.4,50618
2015-09-30,1.46,1.49,1.36,1.36,42967
2015-10-01,1.37,1.41,1.36,1.36,28399
2015-10-02,1.35,1.44,1.33,1.42,51219
2015-10-05,1.41,1.49,1.37,1.39,38948
2015-10-06,1.45,1.47,1.38,1.45,38202
2015-10-07,1.48,1.53,1.45,1.5,92334
2015-10-08,1.46,1.49,1.44,1.45,20943
2015-10-09,1.5,1.68,1.5,1.52,237287
2015-10-12,1.54,1.55,1.5,1.52,33839
2015-10-13,1.48,1.52,1.48,1.5,46825
2015-10-14,1.48,1.51,1.4,1.47,65354
2015-10-15,1.47,1.52,1.47,1.49,42884
2015-10-16,1.5,1.51,1.45,1.5,26244
2015-10-19,1.49,1.51,1.45,1.46,66488
2015-10-20,1.46,1.51,1.46,1.5,45708
2015-10-21,1.51,1.51,1.45,1.46,81988
2015-10-22,1.47,1.47,1.45,1.46,90708
2015-10-23,1.48,1.51,1.46,1.49,65039
2015-10-26,1.47,1.49,1.46,1.46,30153
2015-10-27,1.46,1.54,1.44,1.47,105880
2015-10-28,1.49,1.51,1.44,1.46,41846
2015-10-29,1.48,1.5,1.39,1.4,61771
2015-10-30,1.4,1.41,1.36,1.36,33225
2015-11-02,1.43,1.5,1.38,1.5,68642
2015-11-03,1.49,1.5,1.48,1.49,27725
2015-11-04,1.5,1.55,1.45,1.45,68238
2015-11-05,1.48,1.51,1.44,1.5,66754
2015-11-06,1.49,1.55,1.39,1.44,99696
2015-11-09,1.46,1.46,1.36,1.4,101173
2015-11-10,1.37,1.5,1.33,1.38,60446
2015-11-11,1.32,1.36,1.31,1.33,87861
2015-11-12,1.4,1.4,1.31,1.34,35523
2015-11-13,1.31,1.35,1.28,1.32,50878
2015-11-16,1.33,1.33,1.23,1.24,83543
2015-11-17,1.25,1.29,1.23,1.25,33912
2015-11-18,1.24,1.29,1.2,1.2,43389
2015-11-19,1.18,1.3,1.12,1.18,167090
2015-11-20,1.23,1.38,1.2,1.2,97522
2015-11-23,1.25,1.38,1.24,1.38,109767
2015-11-24,1.4,1.5,1.38,1.47,136185
2015-11-25,1.44,1.51,1.4,1.45,82622
2015-11-27,1.45,1.45,1.4,1.41,17569
2015-11-30,1.4,1.43,1.37,1.4,76555
2015-12-01,1.38,1.46,1.3,1.33,107624
2015-12-02,1.31,1.34,1.25,1.26,61378
2015-12-03,1.25,1.32,1.23,1.28,86668
2015-12-04,1.31,1.41,1.26,1.37,140627
2015-12-07,1.27,1.42,1.19,1.31,157469
2015-12-08,1.6,1.89,1.42,1.44,5645352
2015-12-09,1.4,1.45,1.25,1.32,694516
2015-12-10,1.33,1.33,1.24,1.27,273895
2015-12-11,1.24,1.28,1.13,1.17,291502
2015-12-14,1.16,1.23,1.1,1.11,203257
2015-12-15,1.1,1.22,1.04,1.17,336106
2015-12-16,1.17,1.2,1.03,1.07,170096
2015-12-17,1.14,1.16,1.02,1.03,171654
2015-12-18,1.03,1.04,0.94,0.94,384758
2015-12-21,0.94,0.98,0.93,0.97,184979
2015-12-22,0.99,1.0,0.94,0.96,201794
2015-12-23,0.96,1.0,0.93,0.95,183744
2015-12-24,0.97,1.01,0.93,1.01,251308
2015-12-28,1.01,1.06,0.98,1.0,207789
2015-12-29,1.01,1.05,0.96,0.98,154547
2015-12-30,0.98,1.02,0.96,0.98,68978
2015-12-31,0.99,0.99,0.92,0.96,152467
2016-01-04,0.95,0.95,0.91,0.92,88045
2016-01-05,0.92,1.03,0.92,0.95,107259
2016-01-06,0.97,0.97,0.76,0.8,336983
2016-01-07,0.8,0.85,0.75,0.75,232894
2016-01-08,0.76,0.81,0.75,0.8,85042
2016-01-11,0.8,0.8,0.74,0.76,29307
2016-01-12,0.78,0.78,0.72,0.74,26355
2016-01-13,0.75,0.8,0.7,0.7,30420
2016-01-14,0.68,0.69,0.51,0.65,103081
2016-01-15,0.66,0.66,0.6,0.6,61422
2016-01-19,0.6,0.65,0.6,0.64,121298
2016-01-20,0.65,0.74,0.64,0.66,54818
2016-01-21,0.65,0.7,0.65,0.69,53694
2016-01-22,0.71,0.73,0.64,0.68,40114
2016-01-25,0.66,0.71,0.65,0.65,23970
2016-01-26,0.65,0.69,0.64,0.64,19457
2016-01-27,0.64,0.7,0.64,0.64,51828
2016-01-28,0.64,0.7,0.63,0.64,19063
2016-01-29,0.64,0.64,0.63,0.63,25913
2016-02-01,0.62,0.68,0.62,0.62,35543
2016-02-02,0.62,0.62,0.58,0.58,71280
2016-02-03,0.6,0.6,0.45,0.53,141856
2016-02-04,0.51,0.57,0.32,0.53,135087
2016-02-05,0.51,0.63,0.46,0.55,25767
2016-02-08,0.52,0.54,0.39,0.44,121907
2016-02-09,0.39,0.49,0.39,0.46,53507
2016-02-10,0.45,0.5,0.37,0.46,51772
2016-02-11,0.45,0.49,0.36,0.44,58321
2016-02-12,0.46,0.56,0.45,0.45,156481
2016-02-16,0.46,0.49,0.43,0.48,79254
2016-02-17,0.45,0.5,0.43,0.46,53773
2016-02-18,0.45,0.5,0.44,0.47,52350
2016-02-19,0.47,0.5,0.45,0.48,25142
2016-02-22,0.47,0.49,0.4,0.47,63909
2016-02-23,0.45,0.5,0.42,0.44,28554
2016-02-24,0.44,0.56,0.41,0.44,17547
2016-02-25,0.44,0.49,0.42,0.44,95320
2016-02-26,0.44,0.54,0.43,0.49,55003
2016-02-29,0.46,0.51,0.45,0.46,124429
2016-03-01,0.45,0.47,0.45,0.46,44491
2016-03-02,0.48,0.49,0.44,0.47,48831
2016-03-03,0.46,0.49,0.45,0.46,51264
2016-03-04,0.4,0.45,0.33,0.4,349911
2016-03-07,0.4,0.45,0.38,0.44,124192
2016-03-08,0.45,0.48,0.42,0.45,44146
2016-03-09,0.44,0.45,0.41,0.43,110223
2016-03-10,0.43,0.45,0.41,0.43,86768
2016-03-11,0.42,0.45,0.42,0.45,53400
2016-03-14,0.45,0.48,0.42,0.46,64842
2016-03-15,0.47,0.48,0.42,0.43,253353
2016-03-16,0.43,0.47,0.43,0.46,75867
2016-03-17,0.45,0.48,0.42,0.47,68215
2016-03-18,0.48,0.56,0.48,0.51,331281
2016-03-21,0.55,0.64,0.55,0.6,569431
2016-03-22,0.6,0.61,0.55,0.57,228798
2016-03-23,0.55,0.73,0.55,0.67,1389347
2016-03-24,0.66,0.66,0.55,0.61,347174
2016-03-28,0.61,0.72,0.61,0.65,315651
2016-03-29,0.65,0.67,0.52,0.58,234967
2016-03-30,0.6,0.61,0.58,0.59,86170
2016-03-31,0.6,0.61,0.54,0.58,246915
2016-04-01,0.59,0.6,0.55,0.58,68973
2016-04-04,0.58,0.58,0.43,0.49,361029
2016-04-05,0.5,0.53,0.44,0.47,85817
2016-04-06,0.46,0.5,0.45,0.47,163036
2016-04-07,0.47,0.55,0.45,0.51,286694
2016-04-08,0.5,0.51,0.46,0.5,63198
2016-04-11,0.49,0.5,0.45,0.49,92419
2016-04-12,0.47,0.48,0.45,0.47,123297
2016-04-13,0.46,0.48,0.44,0.44,139342
2016-04-14,0.43,0.45,0.43,0.45,231099
2016-04-15,0.45,0.48,0.42,0.46,267697
2016-04-18,0.46,0.48,0.45,0.45,87720
2016-04-19,0.46,0.5,0.44,0.46,106035
2016-04-20,0.45,0.5,0.44,0.48,180397
2016-04-21,0.48,0.6,0.47,0.5,284511
2016-04-22,0.57,0.57,0.51,0.52,350268
2016-04-25,0.52,0.56,0.5,0.53,199354
2016-04-26,0.52,0.56,0.49,0.51,201020
2016-04-27,0.5,0.54,0.46,0.46,156882
2016-04-28,0.45,0.5,0.45,0.47,93235
2016-04-29,0.48,0.52,0.47,0.47,107879
2016-05-02,0.48,0.48,0.42,0.42,489242
2016-05-03,0.45,0.45,0.42,0.42,104106
2016-05-04,0.44,0.44,0.4,0.4,137786
2016-05-05,0.41,0.44,0.4,0.41,153057
2016-05-06,0.43,0.43,0.38,0.38,68928
2016-05-09,0.38,0.44,0.38,0.42,156617
2016-05-10,0.44,0.5,0.39,0.48,275928
2016-05-11,0.52,0.64,0.49,0.56,1436367
2016-05-12,0.58,0.64,0.51,0.55,765049
2016-05-13,0.56,0.57,0.4,0.5,353169
2016-05-16,0.5,0.54,0.45,0.48,157178
2016-05-17,0.48,0.53,0.48,0.52,211812
2016-05-18,0.52,0.57,0.52,0.55,236643
2016-05-19,0.55,0.58,0.51,0.53,225879
2016-05-20,0.51,0.51,0.38,0.4,723118
2016-05-23,0.42,0.43,0.38,0.41,238756
2016-05-24,0.41,0.42,0.38,0.4,189250
2016-05-25,0.4,0.42,0.39,0.42,71377
